ALGORITMO,0,1,2,3,4
SimulatedAnnealing,28878.637307484656,29392.300874373665,28601.36821929241,30894.199783248045,28605.662505311528
