Algoritmo,Custo,Solucao
HC,2.4622521385368223,"[-0.9736943161609167, -0.08431592583659131]"
HC-R,0.0774914721307205,"[-0.008829607997035763, -0.017691127961635134]"
SA,0.9950824389409494,"[-0.9956241040729951, 0.0004233980189552178]"
GA,0.08143683323906536,"[-0.0106596961421816, 0.017239095016591127]"
