Algoritmo,Custo,Solucao
HillClimbing,3.9570314903914277,"[-0.146185926337498, -0.005353098557760644]"
HillClimbingWithRestart,1.6867272819354184e-05,"[6.560777818241659e-05, -0.00028410478244431103]"
SimulatedAnnealing,8.488561716646359e-06,"[-0.00015998784056405965, 0.00013111326998297562]"
GeneticAlgorithm,0.003366194275427503,"[-0.003469005766667376, 0.0022212461261309708]"
