Algoritmo,Custo,Solucao
HillClimbing,6.955198447917319,"[1.0457606435794013, 2.076683740652889]"
HillClimbingWithRestart,0.02940617804735801,"[0.005544177526995819, 0.010841260646419354]"
SimulatedAnnealing,8.957466565358818,"[0.0037576729885705467, -2.9842858083365438]"
GeneticAlgorithm,0.00026928282396454506,"[-0.0003584149623519035, 0.00110854415282295]"
