Algoritmo,Custo,Solucao
HC,8.007896216471597,"[-1.1691548053642933, 0.9439402953626648]"
HC-R,0.022904135733860187,"[-0.006998013791574581, -0.008154689619020225]"
SA,1.991221374611433,"[-0.9971107880560536, -0.9963514369351799]"
GA,0.008583578315853657,"[0.0041869315341111855, 0.005073313277903868]"
