Algoritmo,Custo,Solucao
HC,9.360339316812215,"[0.0009163145894702518, 3.0301201353407423]"
HC-R,0.13257615400769396,"[0.011736259274313654, -0.023054274446957845]"
SA,10.295375456258274,"[-2.952141988954402, -1.0212087183656418]"
GA,0.04444370437874312,"[-0.005469956184987452, 0.013936480845119895]"
