Algoritmo,Custo,Solucao
HC,32398.98719810246,"[ 7 11 12 13 16 28 27 25 19 24 26 23 15 20 22 21 17 18 14 10  9  3  4  5
  1  0  2  6  8]"
HC-R,28136.380654769288,"[16 20 22 28 27 25 19 24 26 23 15 13 12  8  6  2  3  7  4  0  1  5  9 10
 11 14 18 21 17]"
SA,27610.293603677448,"[10  9 11 14 18 17 16 20 21 22 28 27 25 19 24 26 23 15 13 12  8  6  2  3
  7  4  0  1  5]"
GA,27601.173774493753,"[ 9  5  1  0  4  7  3  2  6  8 12 13 15 23 26 24 19 25 27 28 22 21 20 16
 17 18 14 11 10]"
