Algoritmo,Custo,Solucao
HillClimbing,8.611675371366777,"[2.0060804254941025, -1.9343706540692014]"
HillClimbingWithRestart,0.09462514293544366,"[-0.0015654272329874985, -0.02180019652462875]"
SimulatedAnnealing,4.18383776779614,"[-0.020347543547660656, 1.9650252932579357]"
GeneticAlgorithm,0.0,"[3.079413310379934e-10, -3.34384305955564e-10]"
