Algoritmo,Custo,Solucao
HC,31161.493215019054,"[ 8  6  2  3  7  9 10  5  1  0  4 14 18 17 16 20 21 22 28 27 25 19 24 26
 23 15 13 12 11]"
HC-R,28229.563123750195,"[11  7  9 10  5  1  0  4  3  2  6  8 12 13 16 19 15 23 26 24 25 27 28 20
 22 21 17 18 14]"
SA,27601.173774493756,"[26 23 15 13 12  8  6  2  3  7  4  0  1  5  9 10 11 14 18 17 16 20 21 22
 28 27 25 19 24]"
GA,27601.17377449375,"[17 16 20 21 22 28 27 25 19 24 26 23 15 13 12  8  6  2  3  7  4  0  1  5
  9 10 11 14 18]"
