Algoritmo,Custo,Solucao
HillClimbing,29645.493218099633,"[16 13 12 11  5  1  0  4  3  2  6  8  7  9 10 14 18 17 21 22 20 28 27 25
 24 26 23 15 19]"
HillClimbingWithRestart,28042.216388898618,"[19 25 27 28 22 21 20 16 17 18 14 10  9  5  1  0  4  3  2  6  8  7 11 12
 13 15 23 26 24]"
SimulatedAnnealing,27614.4780817462,"[ 7  4  0  1  5  9 10 11 14 18 17 16 20 22 21 28 27 25 19 24 26 23 15 13
 12  8  6  2  3]"
GeneticAlgorithm,27601.17377449375,"[17 16 20 21 22 28 27 25 19 24 26 23 15 13 12  8  6  2  3  7  4  0  1  5
  9 10 11 14 18]"
