Algoritmo,Custo,Solucao
HC,29839.80349968682,"[10  5  1  0  4  7  3  2  6  8 14 18 21 22 28 20 17 16 27 25 19 24 26 23
 15 13 12 11  9]"
HC-R,27601.173774493753,"[ 9  5  1  0  4  7  3  2  6  8 12 13 15 23 26 24 19 25 27 28 22 21 20 16
 17 18 14 11 10]"
SA,27601.17377449376,"[ 2  6  8 12 13 15 23 26 24 19 25 27 28 22 21 20 16 17 18 14 11 10  9  5
  1  0  4  7  3]"
GA,27601.17377449375,"[16 20 21 22 28 27 25 19 24 26 23 15 13 12  8  6  2  3  7  4  0  1  5  9
 10 11 14 18 17]"
