Algoritmo,Solucao
HillClimbing,"[1.1610026809706369, -2.9840719979156436]"
HillClimbingWithRestart,"[-0.01160946416226119, -0.982767393938264]"
SimulatedAnnealing,"[0.0002857371696945582, 0.07000905698185811]"
GeneticAlgorithm,"[2.5524770692369042e-09, 1.5610860268572934e-07]"
