Algoritmo,Custo,Solucao
HillClimbing,33296.75645075309,"[ 9 10 11 12 13 16 20 28 22 21 18 14 17 27 25 19 24 26 23 15  5  1  0  4
  3  2  6  8  7]"
HillClimbingWithRestart,28082.0273201091,"[10  5  1  0  4  3  2  6  8 12 13 15 23 26 24 19 25 27 28 22 21 20 16 17
 18 14 11  7  9]"
SimulatedAnnealing,31614.78460772027,"[22 20 28 27 25 24 26 23 15 19 13 11  5  1  0 10  9  7  4  3  2  6  8 12
 16 17 14 18 21]"
GeneticAlgorithm,27601.173774493753,"[ 9  5  1  0  4  7  3  2  6  8 12 13 15 23 26 24 19 25 27 28 22 21 20 16
 17 18 14 11 10]"
