Algoritmo,Custo,Solucao
HillClimbing,28431.418081080126,"[21 17 18 14 11 10  9  5  1  0  4  7  3  2  6  8 12 13 16 25 19 15 23 26
 24 27 28 20 22]"
HillClimbingWithRestart,28433.557300841923,"[26 13 12  8  6  2  3  7  4  0  1  5  9 10 11 14 18 17 16 20 21 22 28 27
 25 19 15 23 24]"
SimulatedAnnealing,27601.173774493756,"[ 4  0  1  5  9 10 11 14 18 17 16 20 21 22 28 27 25 19 24 26 23 15 13 12
  8  6  2  3  7]"
GeneticAlgorithm,27601.17377449375,"[16 20 21 22 28 27 25 19 24 26 23 15 13 12  8  6  2  3  7  4  0  1  5  9
 10 11 14 18 17]"
